motion_tx	motion_ty	motion_tz	motion_rx	motion_ry	motion_rz	FD	scrub	slow_drift	slow_drift	slow_drift	slow_drift	slow_drift	slow_drift	wm_avg	vent_avg	global_signal_pca	compcor	compcor	compcor	compcor	compcor
-0.343938946723938	-0.119043350219727	-0.251731872558594	0.495195567607880	0.361345112323761	-0.220481947064400	0.234843909740448	0	1.400157213211060	1.409491658210754	1.400157213211060	1.409491658210754	1.400157213211060	1.409491658210754	-0.239997535943985	44.326267242431641	0.731772840023041	-0.042911306023598	-0.093964092433453	0.106586597859859	-0.090367771685123	0.273312777280807
-0.333701729774475	-0.056994438171387	-0.329513549804688	0.516691088676453	0.384768605232239	-0.168254703283310	0.260447919368744	0	1.399848103523254	1.408255219459534	1.397375822067261	1.404548406600952	1.392435550689697	1.398377418518066	-6.655321598052979	17.949537277221680	-1.567334771156311	-0.030666006729007	-0.236411496996880	0.050128243863583	-0.094028636813164	0.218874737620354
-0.307695209980011	-0.021469116210938	-0.250642776489258	0.408198088407516	0.366868346929550	-0.157086193561554	0.298153579235077	0	1.398920893669128	1.404548406600952	1.389042496681213	1.389753222465515	1.369355082511902	1.365209817886353	-6.110401630401611	8.218433380126953	-1.692316532135010	-0.020672298967838	-0.205945298075676	0.084161296486855	-0.118046149611473	0.196123331785202
-0.258163362741470	-0.044398307800293	-0.374860763549805	0.401620566844940	0.274136126041412	-0.140114650130272	0.219322130084038	0	1.397375822067261	1.398377418518066	1.375190138816833	1.365209817886353	1.331168770790100	1.310512185096741	-5.924848079681396	1.319927811622620	-1.786251664161682	-0.038640413433313	-0.194771677255630	0.003970229532570	-0.081986524164677	0.211501821875572
-0.218207493424416	0.012750625610352	-0.341588973999023	0.449845850467682	0.241622626781464	-0.118929341435432	0.234982237219810	0	1.395213723182678	1.389753222465515	1.355873465538025	1.331090569496155	1.278294920921326	1.235146880149841	-5.770549297332764	3.887476682662964	-1.108533143997192	-0.035660706460476	-0.199176445603371	0.036051183938980	-0.149091005325317	0.112105324864388
-0.207528293132782	-0.006950378417969	-0.312673568725586	0.276046216487885	0.262692064046860	-0.125382319092751	0.228040143847466	0	1.392435550689697	1.378690838813782	1.331168770790100	1.287634730339050	1.211312770843506	1.140302658081055	-2.008415222167969	-1.222998380661011	-0.314276874065399	-0.032047536224127	-0.070269152522087	0.133223369717598	-0.158386290073395	0.170979648828506
-0.202833771705627	-0.084236145019531	-0.405641555786133	0.242410585284233	0.256196469068527	-0.146089881658554	0.397138714790344	0	1.389042496681213	1.365209817886353	1.301173448562622	1.235146880149841	1.130956292152405	1.027475237846375	1.682727336883545	-2.198245048522949	0.904134690761566	-0.063813887536526	0.029032409191132	0.093310661613941	-0.098699040710926	0.212653368711472
-0.150083228945732	-0.000425338745117	-0.477071762084961	0.311041951179504	0.155054166913033	-0.193062931299210	0.266640126705170	0	1.385035991668701	1.349333882331848	1.266005873680115	1.173995494842529	1.038105964660645	0.898443758487701	2.649991035461426	-7.196787834167480	1.304052472114563	-0.076013028621674	0.059099119156599	0.079536557197571	-0.102439634501934	0.131989002227783
-0.122233659029007	-0.040975570678711	-0.446371078491211	0.173095852136612	0.123429149389267	-0.170647740364075	0.262567907571793	0	1.380417943000793	1.331090569496155	1.225804805755615	1.104609370231628	0.933778882026672	0.755243360996246	4.597418785095215	0.789300978183746	1.122466683387756	-0.061720289289951	0.139609411358833	0.108633279800415	-0.070936761796474	0.185263842344284
-0.118965357542038	0.010594367980957	-0.493223190307617	0.344302564859390	0.126562401652336	-0.160635605454445	0.205739736557007	0	1.375190138816833	1.310512185096741	1.180729031562805	1.027475237846375	0.819118201732635	0.600132346153259	0.836537063121796	2.407626867294312	0.359047144651413	-0.058274645358324	0.020954230800271	0.044156529009342	-0.093866363167763	0.100425995886326
-0.125235706567764	0.059547424316406	-0.422988891601562	0.390983611345291	0.164830639958382	-0.153588458895683	0.082659013569355	0	1.369355082511902	1.287634730339050	1.130956292152405	0.943134009838104	0.695380091667175	0.435556858778000	-0.556315004825592	-1.834283828735352	0.344978630542755	-0.047739941626787	-0.029502544552088	0.105030082166195	-0.163313403725624	0.019171357154846
-0.139987513422966	0.036525726318359	-0.433515548706055	0.401889294385910	0.173017069697380	-0.133308216929436	0.196976035833359	1	1.362915277481079	1.262498259544373	1.076683163642883	0.852177381515503	0.563920319080353	0.264112383127213	-3.025160312652588	-10.587654113769531	-0.007919165305793	-0.053756073117256	-0.104038193821907	0.034480649977922	-0.166391417384148	0.011907913722098
-0.133515655994415	0.075021743774414	-0.392368316650391	0.488154768943787	0.153092473745346	-0.154155433177948	0.600800991058350	1	1.355873465538025	1.235146880149841	1.018123865127563	0.755243360996246	0.426179200410843	0.088502712547779	-3.983620882034302	-14.705176353454590	-0.032936528325081	-0.051820326596498	-0.147187992930412	0.048012979328632	-0.174755960702896	-0.007131761871278
-0.219602838158607	0.048160552978516	-0.717588424682617	0.541210055351257	0.218569859862328	-0.086324974894524	0.352708280086517	1	1.348232865333557	1.205628752708435	0.955509305000305	0.653011858463287	0.283665776252747	-0.088502712547779	0.043372567743063	-7.336823940277100	0.493492960929871	-0.097395494580269	-0.049671448767185	0.035108510404825	-0.045276079326868	0.116956427693367
-0.241011738777161	0.073142051696777	-0.874729156494141	0.496402263641357	0.261616379022598	-0.003234893083572	0.320619046688080	1	1.339996814727783	1.173995494842529	0.889086663722992	0.546199977397919	0.137941509485245	-0.264112383127213	0.234281286597252	-10.979045867919922	0.380764842033386	-0.116642557084560	-0.030158214271069	0.017160369083285	-0.023853354156017	0.051876988261938
-0.236007362604141	-0.003408432006836	-0.937683105468750	0.377053797245026	0.248031482100487	0.065639190375805	0.154733479022980	1	1.331168770790100	1.140302658081055	0.819118201732635	0.435556858778000	-0.009397028945386	-0.435556858778000	0.972837924957275	-1.817726969718933	0.532863795757294	-0.132208555936813	-0.011871548369527	-0.013173802755773	0.025818826630712	0.064890719950199
-0.228679329156876	0.006875991821289	-0.966995239257812	0.468160748481750	0.221786543726921	0.059451211243868	0.257236003875732	0	1.321752786636353	1.104609370231628	0.745879948139191	0.321858644485474	-0.156735569238663	-0.600132346153259	0.288648992776871	7.374670028686523	0.222306564450264	-0.123685322701931	-0.028961092233658	-0.038476612418890	0.073403902351856	0.117632359266281
-0.226972013711929	0.063448905944824	-0.826408386230469	0.480914920568466	0.239616945385933	0.095752485096455	0.267422467470169	0	1.311752796173096	1.066978216171265	0.669660925865173	0.205902799963951	-0.302459836006165	-0.755243360996246	-1.402455091476440	6.384118556976318	-0.280500441789627	-0.109016239643097	-0.069760262966156	-0.023212425410748	0.044767659157515	0.083122178912163
-0.226288586854935	0.004094123840332	-0.969934463500977	0.516098201274872	0.208760574460030	0.102888949215412	0.261879861354828	0	1.301173448562622	1.027475237846375	0.590762019157410	0.088502712547779	-0.444973260164261	-0.898443758487701	-1.979398131370544	5.221359729766846	-0.905739486217499	-0.115355439484119	-0.090256892144680	-0.041999947279692	0.109810866415501	0.099192522466183
-0.245332553982735	-0.027195930480957	-0.939134597778320	0.533592998981476	0.289324641227722	0.211949691176414	0.459016203880310	1	1.290019154548645	0.986169636249542	0.509494483470917	-0.029518164694309	-0.582714378833771	-1.027475237846375	-1.381464242935181	3.034986734390259	-1.373075246810913	-0.116584442555904	-0.074359521269798	-0.014150479808450	0.156533926725388	0.099636882543564
-0.211765021085739	0.050662040710449	-0.800226211547852	0.686607182025909	0.217132017016411	0.198024198412895	0.597977578639984	1	1.278294920921326	0.943134009838104	0.426179200410843	-0.147331997752190	-0.714174151420593	-1.140302658081055	-3.143146991729736	-0.555326223373413	-1.850954890251160	-0.106612443923950	-0.125858351588249	-0.001143195782788	0.141480803489685	0.003142663743347
-0.263064831495285	-0.064753532409668	-1.020460128784180	0.622232615947723	0.311897546052933	0.280704647302628	0.196724712848663	1	1.266005873680115	0.898443758487701	0.341144859790802	-0.264112383127213	-0.837912261486053	-1.235146880149841	-1.612574577331543	-2.977591514587402	-1.657340288162231	-0.132075488567352	-0.083744831383228	-0.023390663787723	0.207720071077347	0.005529145244509
-0.225614309310913	-0.012867927551270	-1.015529632568359	0.653468251228333	0.269627869129181	0.236801654100418	0.195542648434639	1	1.253157377243042	0.852177381515503	0.254727095365524	-0.379040241241455	-0.952572941780090	-1.310512185096741	-1.568667531013489	-4.726418972015381	-1.684802412986755	-0.131108596920967	-0.088587284088135	-0.018678905442357	0.195749372243881	-0.007300250232220
-0.227232113480568	-0.051689147949219	-1.015398025512695	0.550285220146179	0.266629099845886	0.308204680681229	0.252251803874969	1	1.239755034446716	0.804416000843048	0.167266964912415	-0.491309374570847	-1.056900024414062	-1.365209817886353	0.481223374605179	2.166396856307983	-1.393758058547974	-0.130311787128448	-0.027548579499125	0.014933638274670	0.232219725847244	0.045058894902468
-0.205628186464310	0.038681030273438	-1.001367568969727	0.639834761619568	0.224311113357544	0.321005791425705	0.110064581036568	0	1.225804805755615	0.755243360996246	0.079109616577625	-0.600132346153259	-1.149750351905823	-1.398377418518066	0.215407967567444	2.758116245269775	-1.581298232078552	-0.125253453850746	-0.024777332320809	0.018006071448326	0.253048777580261	0.023428320884705
-0.226087570190430	0.029616355895996	-0.967864990234375	0.610974192619324	0.233668789267540	0.305322557687759	0.257801562547684	0	1.211312770843506	0.704745829105377	-0.009397028945386	-0.704745829105377	-1.230106830596924	-1.409491658210754	1.355794072151184	7.022359371185303	-1.176236033439636	-0.128849819302559	0.014952307567000	0.077675774693489	0.206531539559364	-0.017455806955695
-0.265257567167282	-0.008046150207520	-1.074485778808594	0.602513909339905	0.253804177045822	0.248721331357956	0.196694180369377	0	1.196285367012024	0.653011858463287	-0.097903676331043	-0.804416000843048	-1.297088980674744	-1.398377418518066	1.521503210067749	2.875061035156250	-0.961818575859070	-0.143811240792274	0.010691235773265	0.047181040048599	0.190926343202591	-0.060915321111679
-0.281142413616180	-0.026612281799316	-1.045843124389648	0.642518877983093	0.331480860710144	0.284134656190872	0.169105201959610	0	1.180729031562805	0.600132346153259	-0.186061024665833	-0.898443758487701	-1.349962830543518	-1.365209817886353	1.363075017929077	-0.057918105274439	-0.416161119937897	-0.154576823115349	-0.004031392745674	0.114566452801228	0.127617821097374	-0.186771318316460
-0.282246738672256	0.026882171630859	-1.011283874511719	0.709932506084442	0.311828911304474	0.279587507247925	0.185292720794678	0	1.164650678634644	0.546199977397919	-0.273521155118942	-0.986169636249542	-1.388149142265320	-1.310512185096741	1.239798784255981	-7.846989154815674	-0.130561232566833	-0.150976940989494	-0.008783093653619	0.112208075821400	0.115394800901413	-0.167395800352097
-0.273751616477966	0.065124511718750	-0.973781585693359	0.771404743194580	0.264959007501602	0.272131532430649	0.259411484003067	0	1.148057341575623	0.491309374570847	-0.359938919544220	-1.066978216171265	-1.411229610443115	-1.235146880149841	1.498368144035339	-13.109023094177246	0.063743278384209	-0.141638040542603	-0.001339007751085	0.120528437197208	0.121714062988758	-0.158004760742188
-0.270803481340408	0.009899139404297	-0.905355453491211	0.629367709159851	0.256969600915909	0.274296224117279	0.255776941776276	0	1.130956292152405	0.435556858778000	-0.444973260164261	-1.140302658081055	-1.418951272964478	-1.140302658081055	5.197375774383545	-8.459237098693848	0.841786265373230	-0.133212029933929	0.122315429151058	0.160686954855919	0.154718503355980	-0.008975097909570
-0.261011511087418	0.053956031799316	-0.807247161865234	0.618061900138855	0.190295740962029	0.233307138085365	0.497712850570679	0	1.113355159759521	0.379040241241455	-0.528288543224335	-1.205628752708435	-1.411229610443115	-1.027475237846375	3.253609418869019	-9.552577018737793	0.261722415685654	-0.116376347839832	0.079827979207039	0.103612489998341	0.118468813598156	-0.069270476698875
-0.226710215210915	0.047583580017090	-0.579387664794922	0.526013493537903	0.112164534628391	0.140866294503212	0.455925077199936	0	1.095261454582214	0.321858644485474	-0.609556078910828	-1.262498259544373	-1.388149142265320	-0.898443758487701	2.530761718750000	-5.809168815612793	0.361401885747910	-0.091561533510685	0.060854241251945	0.134816676378250	0.021666182205081	-0.084578230977058
-0.304995536804199	0.018573760986328	-0.514122009277344	0.473574310541153	0.333851933479309	0.090281359851360	0.493981599807739	0	1.076683163642883	0.264112383127213	-0.688454985618591	-1.310512185096741	-1.349962830543518	-0.755243360996246	0.067277126014233	-11.872581481933594	0.327085524797440	-0.090942844748497	-0.027547987177968	0.111725784838200	-0.069843232631683	-0.081278853118420
-0.263653934001923	0.092604637145996	-0.190017700195312	0.493771940469742	0.362701445817947	0.076870582997799	0.439376980066299	0	1.057628631591797	0.205902799963951	-0.764674007892609	-1.349333882331848	-1.297088980674744	-0.600132346153259	0.213612899184227	-3.879641532897949	1.303467631340027	-0.041611697524786	-0.023703845217824	0.202540054917336	-0.133850172162056	-0.069429665803909
-0.248890623450279	0.054909706115723	-0.503387451171875	0.496160924434662	0.317538917064667	0.113600008189678	0.110854923725128	0	1.038105964660645	0.147331997752190	-0.837912261486053	-1.378690838813782	-1.230106830596924	-0.435556858778000	-0.621509492397308	-13.747698783874512	1.139474868774414	-0.094926133751869	-0.046969473361969	0.114710152149200	-0.116043023765087	-0.182705715298653
-0.245843783020973	0.094196319580078	-0.492052078247070	0.517374873161316	0.287512034177780	0.127889633178711	0.209963560104370	0	1.018123865127563	0.088502712547779	-0.907880723476410	-1.398377418518066	-1.149750351905823	-0.264112383127213	1.317770004272461	-16.142618179321289	1.379524588584900	-0.094149686396122	0.005559333600104	0.186549440026283	-0.128737181425095	-0.196191579103470
-0.231669247150421	0.074584007263184	-0.594831466674805	0.488664954900742	0.243660852313042	0.139435693621635	0.243003129959106	0	0.997690975666046	0.029518164694309	-0.974303305149078	-1.408255219459534	-1.056900024414062	-0.088502712547779	3.382611513137817	-15.815728187561035	1.297708153724670	-0.104476317763329	0.071607932448387	0.111900366842747	-0.016572218388319	-0.057187732309103
-0.210388362407684	0.151399612426758	-0.563899993896484	0.556328713893890	0.198638364672661	0.121515996754169	0.273606538772583	1	0.976816415786743	-0.029518164694309	-1.036917924880981	-1.408255219459534	-0.952572941780090	0.088502712547779	2.842902898788452	-9.345151901245117	0.958728909492493	-0.089701339602470	0.066117867827415	0.097959339618683	0.007055532187223	-0.056515071541071
-0.187154799699783	0.151292800903320	-0.479087829589844	0.393619745969772	0.204575285315514	0.100565567612648	0.657585442066193	1	0.955509305000305	-0.088502712547779	-1.095477223396301	-1.398377418518066	-0.837912261486053	0.264112383127213	3.863354921340942	9.747825622558594	0.297538638114929	-0.058898691087961	0.118518598377705	0.085137665271759	0.051310680806637	0.138842105865479
-0.106226362287998	0.083558082580566	-0.213544845581055	0.226829588413239	0.146335437893867	0.046703420579433	0.260689467191696	1	0.933778882026672	-0.147331997752190	-1.149750351905823	-1.378690838813782	-0.714174151420593	0.435556858778000	1.939684867858887	5.353613376617432	-0.260582536458969	-0.017243517562747	0.074774302542210	0.023013727739453	0.014735217206180	0.143287464976311
-0.084054902195930	-0.021270751953125	-0.283823013305664	0.270925134420395	0.130910620093346	0.033560119569302	0.466577261686325	1	0.911634802818298	-0.205902799963951	-1.199523091316223	-1.349333882331848	-0.582714378833771	0.600132346153259	-0.386098176240921	-8.426959991455078	-0.162507861852646	-0.049051366746426	-0.023053599521518	-0.016435192897916	-0.027001284062862	0.005383292213082
-0.084568105638027	0.058519363403320	-0.352443695068359	0.414779067039490	0.083624377846718	-0.139303520321846	0.668320715427399	1	0.889086663722992	-0.264112383127213	-1.244598865509033	-1.310512185096741	-0.444973260164261	0.755243360996246	-1.511863112449646	-3.839877843856812	0.132286056876183	-0.055050607770681	-0.070487119257450	0.025699645280838	-0.117852516472340	-0.043854895979166
-0.116419471800327	-0.131641387939453	-0.560392379760742	0.249941304326057	0.124258004128933	-0.071634598076344	0.157166942954063	1	0.866144478321075	-0.321858644485474	-1.284799933433533	-1.262498259544373	-0.302459836006165	0.898443758487701	0.178451478481293	-6.091856002807617	0.247908860445023	-0.097109675407410	-0.024699063971639	-0.020489184185863	-0.067503251135349	-0.006293429993093
-0.108286678791046	-0.072548866271973	-0.559408187866211	0.293530851602554	0.105156250298023	-0.032388176769018	0.206982538104057	1	0.842818260192871	-0.379040241241455	-1.319967508316040	-1.205628752708435	-0.156735569238663	1.027475237846375	-1.208766341209412	5.859462261199951	-0.553156673908234	-0.090556323528290	-0.061318073421717	-0.065830372273922	-0.024501271545887	-0.015224620699883
-0.107186920940876	-0.117083549499512	-0.515819549560547	0.206145331263542	0.130894601345062	-0.010569646023214	0.159034192562103	1	0.819118201732635	-0.435556858778000	-1.349962830543518	-1.140302658081055	-0.009397028945386	1.140302658081055	-1.588538527488708	8.437555313110352	-1.340498685836792	-0.087087832391262	-0.073353320360184	-0.064516186714172	-0.027280513197184	-0.041484612971544
-0.112137772142887	-0.181186676025391	-0.552734375000000	0.182284981012344	0.130902722477913	0.026370342820883	0.177866294980049	0	0.795054733753204	-0.491309374570847	-1.374667525291443	-1.066978216171265	0.137941509485245	1.235146880149841	-2.678661584854126	6.157925605773926	-2.069001913070679	-0.086257599294186	-0.095894917845726	-0.132117599248886	0.039982795715332	0.001385526964441
-0.071824848651886	-0.147905349731445	-0.499181747436523	0.224643141031265	0.124463044106960	0.035692669451237	0.149137973785400	0	0.770638406276703	-0.546199977397919	-1.393984198570251	-0.986169636249542	0.283665776252747	1.310512185096741	-4.190965652465820	4.559555530548096	-2.830846548080444	-0.071660488843918	-0.130927905440331	-0.145088210701942	0.075226224958897	-0.001598581322469
-0.081641815602779	-0.171408653259277	-0.507492065429688	0.205391868948936	0.193946436047554	0.070152394473553	0.287880808115005	0	0.745879948139191	-0.600132346153259	-1.407836556434631	-0.898443758487701	0.426179200410843	1.365209817886353	-4.073339462280273	-3.967702388763428	-3.028945684432983	-0.070727907121181	-0.122123256325722	-0.158139407634735	0.076698035001755	-0.027184318751097
-0.057775802910328	-0.106757164001465	-0.432817459106445	0.285345315933228	0.151087567210197	0.050081990659237	0.282769858837128	0	0.720790147781372	-0.653011858463287	-1.416169881820679	-0.804416000843048	0.563920319080353	1.398377418518066	-4.214485645294189	-0.467123329639435	-2.470464468002319	-0.060122635215521	-0.130761027336121	-0.122203044593334	0.023192228749394	-0.050370838493109
-0.115005917847157	-0.118767738342285	-0.527761459350586	0.241571009159088	0.197696596384048	0.095587246119976	0.322256952524185	0	0.695380091667175	-0.704745829105377	-1.418951272964478	-0.704745829105377	0.695380091667175	1.409491658210754	-2.292112112045288	0.986562311649323	-1.460246086120605	-0.079886026680470	-0.076907776296139	-0.084739267826080	-0.005298336502165	-0.053351331502199
-0.080124445259571	-0.023246765136719	-0.466970443725586	0.301253199577332	0.132999166846275	0.069779157638550	0.234156608581543	0	0.669660925865173	-0.755243360996246	-1.416169881820679	-0.600132346153259	0.819118201732635	1.398377418518066	-1.194439888000488	0.759036064147949	-0.498487442731857	-0.077187255024910	-0.046294637024403	-0.037748716771603	-0.059079155325890	-0.132648527622223
-0.104093447327614	-0.065094947814941	-0.430812835693359	0.160573929548264	0.143362969160080	0.069353021681309	0.282541036605835	0	0.643643856048584	-0.804416000843048	-1.407836556434631	-0.491309374570847	0.933778882026672	1.365209817886353	2.408489942550659	1.530297517776489	0.246753990650177	-0.067798472940922	0.071755081415176	-0.005084237549454	-0.025889532640576	-0.009541269391775
-0.097994275391102	0.034558296203613	-0.456928253173828	0.287869423627853	0.130637526512146	0.036715194582939	0.225775420665741	0	0.617340385913849	-0.852177381515503	-1.393984198570251	-0.379040241241455	1.038105964660645	1.310512185096741	1.111568331718445	-1.487423896789551	0.345338582992554	-0.068501338362694	0.033834915608168	-0.008767953142524	-0.040712449699640	-0.083977527916431
-0.092343375086784	0.044282913208008	-0.401338577270508	0.133894950151443	0.121117599308491	0.022810157388449	0.150921165943146	0	0.590762019157410	-0.898443758487701	-1.374667525291443	-0.264112383127213	1.130956292152405	1.235146880149841	4.433383464813232	-3.326963901519775	1.129335880279541	-0.062445662915707	0.134820118546486	0.061380986124277	-0.062899842858315	-0.027465609833598
-0.124327495694160	0.050195693969727	-0.496267318725586	0.152224957942963	0.120279699563980	0.024378186091781	0.337943971157074	0	0.563920319080353	-0.943134009838104	-1.349962830543518	-0.147331997752190	1.211312770843506	1.140302658081055	2.509325981140137	-11.566491127014160	0.722953796386719	-0.081229843199253	0.083657421171665	-0.017561426386237	-0.042070455849171	-0.029147461056709
-0.076647691428661	0.054368972778320	-0.321987152099609	0.116514265537262	0.067423976957798	-0.015181055292487	0.276232570409775	0	0.536827206611633	-0.986169636249542	-1.319967508316040	-0.029518164694309	1.278294920921326	1.027475237846375	2.271587371826172	-9.645127296447754	0.671944141387939	-0.054673384875059	0.078181907534599	-0.006431791931391	-0.082327656447887	-0.051016874611378
-0.097395040094852	-0.038465499877930	-0.326663970947266	0.028516786172986	0.102705955505371	0.042564276605844	0.337713122367859	0	0.509494483470917	-1.027475237846375	-1.284799933433533	0.088502712547779	1.331168770790100	0.898443758487701	1.826189517974854	-7.108503341674805	0.558016180992126	-0.059351794421673	0.058171942830086	-0.072556830942631	-0.055255021899939	-0.000037391171645
-0.084844395518303	0.011732101440430	-0.142486572265625	0.048090901225805	0.078939191997051	-0.018129613250494	0.363062173128128	0	0.481934189796448	-1.066978216171265	-1.244598865509033	0.205902799963951	1.369355082511902	0.755243360996246	1.420958161354065	0.520363032817841	0.839206516742706	-0.025166613981128	0.042267534881830	-0.033843211829662	-0.068547070026398	-0.004078211262822
-0.079671181738377	-0.087506294250488	-0.155513763427734	-0.147354871034622	0.125203087925911	0.021624360233545	0.411000549793243	0	0.454158365726471	-1.104609370231628	-1.199523091316223	0.321858644485474	1.392435550689697	0.600132346153259	1.901036858558655	-6.927937984466553	0.712664842605591	-0.032786060124636	0.061314910650253	-0.064228661358356	-0.055305261164904	0.028434650972486
-0.061355940997601	-0.009318351745605	-0.118389129638672	0.039416003972292	0.042006518691778	-0.026253931224346	0.308901011943817	0	0.426179200410843	-1.140302658081055	-1.149750351905823	0.435556858778000	1.400157213211060	0.435556858778000	-0.635114252567291	-6.445312023162842	0.509421288967133	-0.024461468681693	-0.017742712050676	-0.062912337481976	-0.102074325084686	-0.057489875704050
-0.091888330876827	-0.037168502807617	-0.232780456542969	-0.018360124900937	0.093602940440178	0.020363753661513	0.377063453197479	0	0.398008972406387	-1.173995494842529	-1.095477223396301	0.546199977397919	1.392435550689697	0.264112383127213	0.783220112323761	-10.596052169799805	0.740621924400330	-0.044734124094248	0.029544472694397	-0.073552779853344	-0.080373577773571	-0.007229409180582
-0.084645614027977	0.057979583740234	-0.042045593261719	-0.009337641298771	0.060012053698301	-0.033208496868610	0.308413624763489	0	0.369660049676895	-1.205628752708435	-1.036917924880981	0.653011858463287	1.369355082511902	0.088502712547779	1.342109203338623	-7.991172790527344	1.235224723815918	-0.017103485763073	0.045420959591866	0.004602820612490	-0.107956804335117	-0.096614807844162
-0.075402155518532	-0.001185417175293	-0.008184432983398	-0.160845592617989	0.088814169168472	0.022705044597387	0.316205471754074	0	0.341144859790802	-1.235146880149841	-0.974303305149078	0.755243360996246	1.331168770790100	-0.088502712547779	3.878926992416382	-0.593657732009888	1.564380049705505	-0.005320748779923	0.139995217323303	0.008878578431904	-0.068821080029011	0.007155747618526
-0.011434208601713	0.005040168762207	-0.055040359497070	-0.045730479061604	-0.018588699400425	0.017007049173117	0.360097855329514	0	0.312475919723511	-1.262498259544373	-0.907880723476410	0.852177381515503	1.278294920921326	-0.264112383127213	2.329567193984985	-4.386901855468750	1.359501719474792	-0.014198302291334	0.087657757103443	-0.037778116762638	-0.070693142712116	-0.060345508158207
-0.068102389574051	-0.039948463439941	-0.059316635131836	-0.181915730237961	0.094461277127266	0.059023171663284	0.407801628112793	0	0.283665776252747	-1.287634730339050	-0.837912261486053	0.943134009838104	1.211312770843506	-0.435556858778000	4.890104770660400	-7.649614334106445	1.650125980377197	-0.012936086393893	0.169216081500053	-0.011817438527942	-0.034270357340574	0.045500192791224
-0.037019897252321	0.002973556518555	0.105674743652344	-0.116347588598728	0.036267206072807	-0.010651731863618	0.380428194999695	1	0.254727095365524	-1.310512185096741	-0.764674007892609	1.027475237846375	1.130956292152405	-0.600132346153259	3.114417314529419	4.462203502655029	1.566344857215881	0.008958756923676	0.097221799194813	-0.015513136982918	-0.051764298230410	-0.023943232372403
-0.048371616750956	-0.056048393249512	-0.122463226318359	-0.156124904751778	0.062004577368498	0.017703052610159	0.665923058986664	1	0.225672572851181	-1.331090569496155	-0.688454985618591	1.104609370231628	1.038105964660645	-0.755243360996246	3.075829982757568	0.614098846912384	1.237399578094482	-0.025487501174212	0.100022070109844	-0.077426962554455	-0.057167969644070	0.057653892785311
0.018341004848480	0.105605125427246	0.121601104736328	-0.096023991703987	-0.053426690399647	-0.028490940108895	0.504831314086914	1	0.196514934301376	-1.349333882331848	-0.609556078910828	1.173995494842529	0.933778882026672	-0.898443758487701	2.165913820266724	0.708740234375000	1.469050168991089	0.020115574821830	0.069324463605881	-0.008217372000217	-0.065778836607933	0.011430443264544
0.006383594125509	-0.005836486816406	-0.094499588012695	-0.149319723248482	0.041196621954441	0.013046087697148	0.343522667884827	1	0.167266964912415	-1.365209817886353	-0.528288543224335	1.235146880149841	0.819118201732635	-1.027475237846375	2.846619844436646	-5.145905017852783	1.063102960586548	-0.015486666001379	0.095466554164886	-0.084208250045776	-0.068403035402298	0.031113507226110
0.059633903205395	0.000018119812012	0.030204772949219	-0.094168581068516	-0.071848899126053	-0.001775312586688	0.447250992059708	1	0.137941509485245	-1.378690838813782	-0.444973260164261	1.287634730339050	0.695380091667175	-1.140302658081055	1.099963307380676	-1.397785305976868	0.892480909824371	-0.002973450813442	0.038548886775970	-0.082042559981346	-0.068487532436848	-0.067693941295147
-0.023028723895550	-0.067692756652832	-0.040092468261719	-0.202426820993423	0.048207961022854	0.029551422223449	0.390454441308975	1	0.108551435172558	-1.389753222465515	-0.359938919544220	1.331090569496155	0.563920319080353	-1.235146880149841	2.229393243789673	-1.193086147308350	0.851730227470398	-0.013238230720162	0.073890373110771	-0.093039982020855	-0.041028898209333	0.032244324684143
0.035115398466587	-0.047581672668457	-0.000589370727539	-0.096834488213062	-0.082342423498631	-0.046792615205050	0.481259733438492	0	0.079109616577625	-1.398377418518066	-0.273521155118942	1.365209817886353	0.426179200410843	-1.310512185096741	0.889380037784576	0.936299145221710	0.655895829200745	-0.009923075325787	0.035238418728113	-0.105079889297485	-0.049153458327055	-0.030113313347101
-0.042509429156780	-0.078438758850098	-0.170583724975586	-0.131445184350014	0.055870365351439	0.012756641954184	0.247906029224396	0	0.049628976732492	-1.404548406600952	-0.186061024665833	1.389753222465515	0.283665776252747	-1.365209817886353	1.514285445213318	-5.404288291931152	0.567645132541656	-0.032725349068642	0.059542361646891	-0.111963003873825	-0.060438025742769	0.014488833025098
-0.012829098850489	-0.034297943115234	-0.150686264038086	-0.026950828731060	0.003667985787615	-0.007232393138111	0.257931143045425	0	0.020122449845076	-1.408255219459534	-0.097903676331043	1.404548406600952	0.137941509485245	-1.398377418518066	0.147520825266838	-5.414570808410645	0.397338122129440	-0.031068671494722	0.015675781294703	-0.104607328772545	-0.073343649506569	-0.065571285784245
-0.040380734950304	-0.069035530090332	-0.210041046142578	-0.092770978808403	0.071975454688072	0.014813547022641	0.283022046089172	0	-0.009397028945386	-1.409491658210754	-0.009397028945386	1.409491658210754	-0.009397028945386	-1.409491658210754	0.258313268423080	-5.697461605072021	0.433574289083481	-0.042461421340704	0.009876956231892	-0.084917649626732	-0.109690316021442	-0.081687808036804
-0.012179628014565	-0.025311470031738	-0.119184494018555	-0.033762305974960	0.030646355822682	-0.022633960470557	0.303529709577560	0	-0.038916505873203	-1.408255219459534	0.079109616577625	1.404548406600952	-0.156735569238663	-1.398377418518066	0.190795049071312	-7.245919227600098	0.582703590393066	-0.030097454786301	0.011373141780496	-0.059198390692472	-0.130530297756195	-0.135455444455147
-0.017971081659198	-0.065157890319824	-0.032777786254883	-0.214394316077232	0.034886851906776	-0.010998974554241	0.459763854742050	1	-0.068423032760620	-1.404548406600952	0.167266964912415	1.389753222465515	-0.302459836006165	-1.365209817886353	2.963987112045288	-2.609443187713623	1.042705059051514	-0.010021787136793	0.106814138591290	-0.052172895520926	-0.075316481292248	-0.002265852177516
0.040222764015198	0.019226074218750	0.066265106201172	-0.138565301895142	-0.063693232834339	-0.086563505232334	0.556195676326752	1	-0.097903676331043	-1.398377418518066	0.254727095365524	1.365209817886353	-0.444973260164261	-1.310512185096741	2.973695516586304	-2.832407474517822	1.506936073303223	0.005697744432837	0.099384821951389	-0.012684527784586	-0.092833757400513	-0.055591456592083
0.034564070403576	0.018795013427734	0.360118865966797	-0.349444568157196	-0.057109795510769	-0.010382886976004	0.508135914802551	1	-0.127345487475395	-1.389753222465515	0.341144859790802	1.331090569496155	-0.582714378833771	-1.235146880149841	6.436681747436523	6.567172527313232	2.666013956069946	0.052221577614546	0.214079424738884	0.075071163475513	0.011682086624205	0.056160025298595
0.113265469670296	0.028176307678223	0.158781051635742	-0.322754144668579	-0.241231173276901	-0.050200518220663	0.186960950493813	1	-0.156735569238663	-1.378690838813782	0.426179200410843	1.287634730339050	-0.714174151420593	-1.140302658081055	4.724375247955322	-0.669009208679199	2.068027019500732	0.024134157225490	0.174636423587799	-0.062023200094700	0.004392556380481	0.020320896059275
0.097270086407661	0.079607009887695	0.161802291870117	-0.298723191022873	-0.155318439006805	-0.026629416272044	0.538214087486267	1	-0.186061024665833	-1.365209817886353	0.509494483470917	1.235146880149841	-0.837912261486053	-1.027475237846375	5.197725296020508	3.767301321029663	2.000833988189697	0.030965510755777	0.179293766617775	0.016500255092978	-0.027242142707109	-0.020887875929475
0.048304431140423	-0.045834541320801	-0.092555999755859	-0.307977259159088	-0.082448258996010	0.016665166243911	0.195279836654663	1	-0.215308994054794	-1.349333882331848	0.590762019157410	1.173995494842529	-0.952572941780090	-0.898443758487701	3.784035682678223	9.951427459716797	1.330314755439758	-0.020241899415851	0.132017552852631	-0.114121824502945	-0.019772939383984	0.022831991314888
0.071308404207230	-0.012187957763672	-0.096519470214844	-0.214097395539284	-0.123101077973843	-0.003117783926427	0.184144124388695	1	-0.244466632604599	-1.331090569496155	0.669660925865173	1.104609370231628	-1.056900024414062	-0.755243360996246	1.230231404304504	3.062052249908447	0.667189657688141	-0.015865657478571	0.052243638783693	-0.131845623254776	-0.040467243641615	-0.009769500233233
0.063413798809052	0.027921676635742	-0.046518325805664	-0.276768445968628	-0.090077303349972	-0.000104885410110	0.154969915747643	1	-0.273521155118942	-1.310512185096741	0.745879948139191	1.027475237846375	-1.149750351905823	-0.600132346153259	1.629019498825073	5.300914764404297	0.304317921400070	-0.004705309867859	0.064934223890305	-0.112053461372852	-0.021842386573553	-0.019044771790504
0.072089239954948	-0.013048171997070	-0.097885131835938	-0.288664042949677	-0.127354741096497	0.012553184293211	0.185556679964066	0	-0.302459836006165	-1.287634730339050	0.819118201732635	0.943134009838104	-1.230106830596924	-0.435556858778000	0.908905982971191	5.513903141021729	-0.230060741305351	-0.012980008497834	0.050846327096224	-0.162910386919975	0.003660605289042	0.040447361767292
0.052322521805763	0.004060745239258	-0.072576522827148	-0.179663375020027	-0.111050494015217	-0.003516297321767	0.248522162437439	1	-0.331269979476929	-1.262498259544373	0.889086663722992	0.852177381515503	-1.297088980674744	-0.264112383127213	-0.767438232898712	-0.255581170320511	-0.721318960189819	-0.003256738418713	0.004301816225052	-0.175667896866798	0.015517788939178	-0.002115910174325
0.019730463624001	-0.065815925598145	-0.062898635864258	-0.209898918867111	-0.043306823819876	0.054779354482889	0.739717483520508	1	-0.359938919544220	-1.235146880149841	0.955509305000305	0.755243360996246	-1.349962830543518	-0.088502712547779	-1.197494864463806	-4.522449493408203	-0.967352986335754	-0.009152046404779	-0.010196361690760	-0.153012409806252	0.009138787165284	-0.032751038670540
0.067222923040390	-0.024741172790527	0.398221969604492	-0.338498771190643	-0.092790819704533	0.015105218626559	0.455079823732376	1	-0.388454109430313	-1.205628752708435	1.018123865127563	0.653011858463287	-1.388149142265320	0.088502712547779	-0.361402392387390	8.908147811889648	-0.321626096963882	0.067388631403446	0.014029546640813	-0.056854002177715	0.047919783741236	-0.024903967976570
0.130473956465721	-0.004068374633789	0.213630676269531	-0.230609104037285	-0.166269108653069	0.047524657100439	0.381448149681091	1	-0.416803032159805	-1.173995494842529	1.076683163642883	0.546199977397919	-1.411229610443115	0.264112383127213	-0.688312113285065	3.717283725738525	-0.522739887237549	0.038751602172852	0.003451270749792	-0.130806714296341	0.030365198850632	-0.028543563559651
0.155326485633850	0.022916793823242	0.463043212890625	-0.285665988922119	-0.170228570699692	0.014640952460468	0.500286936759949	1	-0.444973260164261	-1.140302658081055	1.130956292152405	0.435556858778000	-1.418951272964478	0.435556858778000	0.975378453731537	14.427341461181641	0.257882803678513	0.083302386105061	0.046122346073389	-0.024189956486225	0.040725264698267	-0.035968743264675
0.126251459121704	-0.019582748413086	0.202308654785156	-0.231125742197037	-0.138809621334076	-0.091888256371021	0.428144931793213	1	-0.472952425479889	-1.104609370231628	1.180729031562805	0.321858644485474	-1.411229610443115	0.600132346153259	1.606982827186584	11.118289947509766	-0.119567394256592	0.041178781539202	0.064330294728279	-0.129097670316696	0.055272426456213	0.040535297244787
0.132016852498055	-0.018740653991699	0.430982589721680	-0.356191992759705	-0.122819252312183	-0.011939596384764	0.374338924884796	1	-0.500728249549866	-1.066978216171265	1.225804805755615	0.205902799963951	-1.388149142265320	0.755243360996246	1.754331350326538	9.321795463562012	0.018133088946342	0.075130030512810	0.073439545929432	-0.032337132841349	0.075715161859989	0.028941769152880
0.168119043111801	-0.017613410949707	0.334012985229492	-0.239607423543930	-0.228730425238609	-0.064623884856701	0.359258174896240	1	-0.528288543224335	-1.027475237846375	1.266005873680115	0.088502712547779	-1.349962830543518	0.898443758487701	-1.463938355445862	2.559998989105225	-0.425400137901306	0.058796644210815	-0.024429110810161	-0.099397979676723	0.001238273573108	-0.043577507138252
0.119743451476097	-0.039836883544922	0.322364807128906	-0.370266407728195	-0.112025536596775	0.005443407688290	0.439458638429642	0	-0.555621266365051	-0.986169636249542	1.301173448562622	-0.029518164694309	-1.297088980674744	1.027475237846375	0.395201742649078	6.308111190795898	0.164022713899612	0.057854447513819	0.036591373383999	-0.062048140913248	0.000211273072637	0.024903304874897
0.133957788348198	0.013808250427246	0.149049758911133	-0.229383006691933	-0.160984620451927	-0.031930990517139	0.230254337191582	0	-0.582714378833771	-0.943134009838104	1.331168770790100	-0.147331997752190	-1.230106830596924	1.140302658081055	-0.002828712109476	1.825122952461243	0.156688481569290	0.030812723562121	0.016303109005094	-0.118402183055878	0.009353854693472	0.021373905241489
0.125097244977951	0.002233505249023	0.221193313598633	-0.296886801719666	-0.118970707058907	0.016315782442689	0.257860600948334	0	-0.609556078910828	-0.898443758487701	1.355873465538025	-0.264112383127213	-1.149750351905823	1.235146880149841	1.303189754486084	-2.167044639587402	0.129901304841042	0.051620058715343	0.062072761356831	-0.076230876147747	0.026032010093331	0.061797972768545
0.136955171823502	0.010789871215820	0.212316513061523	-0.196533247828484	-0.199567392468452	-0.064655341207981	0.340391546487808	0	-0.636134445667267	-0.852177381515503	1.375190138816833	-0.379040241241455	-1.056900024414062	1.310512185096741	0.138361051678658	-4.243821144104004	-0.248853757977486	0.047803346067667	0.032323680818081	-0.109426647424698	0.037536315619946	0.029448861256242
0.103136032819748	0.020567893981934	0.277193069458008	-0.304036408662796	-0.106137424707413	0.000169775914401	0.199872180819511	0	-0.662437915802002	-0.804416000843048	1.389042496681213	-0.491309374570847	-0.952572941780090	1.365209817886353	2.236388683319092	0.532761693000793	-0.141795054078102	0.059077285230160	0.103646688163280	-0.042282808572054	0.081683136522770	0.058406192809343
0.118767425417900	0.018509864807129	0.215652465820312	-0.227154418826103	-0.146865531802177	-0.020465845242143	0.438456982374191	0	-0.688454985618591	-0.755243360996246	1.397375822067261	-0.600132346153259	-0.837912261486053	1.398377418518066	-0.097773864865303	-1.642199158668518	-0.554791510105133	0.045631691813469	0.034144785255194	-0.103184439241886	0.039533898234367	-0.027169134467840
0.137102961540222	0.021330833435059	0.439409255981445	-0.342382282018661	-0.105593852698803	0.044819325208664	0.375921159982681	0	-0.714174151420593	-0.704745829105377	1.400157213211060	-0.704745829105377	-0.714174151420593	1.409491658210754	0.210694253444672	0.180215522646904	-0.406172186136246	0.080507837235928	0.044319525361061	-0.026042485609651	0.038705438375473	-0.005437620915473
0.173042058944702	0.027317047119141	0.369195938110352	-0.201036378741264	-0.191304311156273	-0.030396830290556	0.441135197877884	0	-0.739584207534790	-0.653011858463287	1.397375822067261	-0.804416000843048	-0.582714378833771	1.398377418518066	-1.131242871284485	2.159049034118652	-0.368496149778366	0.067645661532879	-0.011671234853566	-0.067466452717781	0.017907481640577	-0.043059103190899
0.101523898541927	0.019841194152832	0.195413589477539	-0.217086553573608	-0.066778950393200	0.044870946556330	0.155788913369179	1	-0.764674007892609	-0.600132346153259	1.389042496681213	-0.898443758487701	-0.444973260164261	1.365209817886353	1.778954982757568	-0.087372533977032	0.369396060705185	0.034908149391413	0.077212780714035	0.006640879902989	-0.015654765069485	-0.005795448552817
0.082116708159447	0.005001068115234	0.145977020263672	-0.167761862277985	-0.098410606384277	0.043201029300690	0.991415143013000	1	-0.789432466030121	-0.546199977397919	1.375190138816833	-0.986169636249542	-0.302459836006165	1.310512185096741	1.942586541175842	-0.932814478874207	0.566670238971710	0.024952167645097	0.078831143677235	-0.039858300238848	-0.002723983023316	0.011324448511004
0.157883092761040	0.188616752624512	0.592453002929688	0.014240465126932	-0.192611351609230	-0.007820224389434	0.615128219127655	1	-0.813848793506622	-0.491309374570847	1.355873465538025	-1.066978216171265	-0.156735569238663	1.235146880149841	2.462934017181396	19.847305297851562	0.794856190681458	0.102391496300697	0.071609832346439	0.172096252441406	0.080249652266502	-0.010653666220605
0.188261196017265	0.046433448791504	0.336273193359375	-0.007628051564097	-0.295696049928665	0.080810353159904	0.367536813020706	1	-0.837912261486053	-0.435556858778000	1.331168770790100	-1.140302658081055	-0.009397028945386	1.140302658081055	-0.720822930335999	8.348135948181152	-0.484478920698166	0.063763506710529	0.001016201917082	-0.017197476699948	0.076483368873596	-0.020085059106350
0.168723046779633	0.124066352844238	0.430578231811523	0.007537968922406	-0.178922593593597	0.010999117977917	0.354441940784454	1	-0.861612319946289	-0.379040241241455	1.301173448562622	-1.205628752708435	0.137941509485245	1.027475237846375	-2.004271268844604	-0.290981560945511	-0.352822810411453	0.093478135764599	-0.051716826856136	0.051186449825764	0.003358886344358	-0.064921356737614
0.130751207470894	0.009664535522461	0.282302856445312	-0.029258096590638	-0.159194797277451	0.016117380931973	0.611694157123566	1	-0.884938538074493	-0.321858644485474	1.266005873680115	-1.262498259544373	0.283665776252747	0.898443758487701	-3.785783052444458	-5.836216926574707	-0.873567879199982	0.057187791913748	-0.104596428573132	-0.071231126785278	-0.042152844369411	-0.070168867707253
0.165407091379166	0.093854904174805	0.673473358154297	-0.078867927193642	-0.185551762580872	-0.024429569020867	0.542711913585663	1	-0.907880723476410	-0.264112383127213	1.225804805755615	-1.310512185096741	0.426179200410843	0.755243360996246	-4.757266998291016	-6.617494106292725	-0.359587103128433	0.106253005564213	-0.140241906046867	0.082394436001778	-0.038693368434906	-0.176677167415619
0.131874382495880	-0.005178451538086	0.321777343750000	-0.083276726305485	-0.137000903487206	-0.010410618968308	0.610089659690857	1	-0.930428862571716	-0.205902799963951	1.180729031562805	-1.349333882331848	0.563920319080353	0.600132346153259	-2.642222166061401	-7.982836246490479	-0.337929368019104	0.054027203470469	-0.077859446406364	-0.043125230818987	-0.065376639366150	-0.122681908309460
0.179413467645645	0.049683570861816	0.693946838378906	-0.167341575026512	-0.177810803055763	-0.040829308331013	0.529296278953552	1	-0.952572941780090	-0.147331997752190	1.130956292152405	-1.378690838813782	0.695380091667175	0.435556858778000	-0.618538022041321	1.696220874786377	0.512300968170166	0.111772559583187	-0.015435525216162	0.099609322845936	0.021262282505631	-0.063636533915997
0.140751540660858	0.046188354492188	0.356277465820312	-0.047938235104084	-0.204583853483200	-0.015725940465927	0.321079432964325	1	-0.974303305149078	-0.088502712547779	1.076683163642883	-1.398377418518066	0.819118201732635	0.264112383127213	0.095721714198589	0.808207690715790	0.340239137411118	0.067211665213108	0.020579414442182	-0.018335862085223	0.028070216998458	-0.008185728453100
0.140560865402222	0.022507667541504	0.504768371582031	-0.169256970286369	-0.160507261753082	-0.020747935399413	0.340475112199783	1	-0.995610475540161	-0.029518164694309	1.018123865127563	-1.408255219459534	0.933778882026672	0.088502712547779	1.476044297218323	0.444281995296478	0.390483826398849	0.089234761893749	0.065247237682343	0.055103782564402	0.045338030904531	0.029567683115602
0.184497192502022	0.032501220703125	0.439958572387695	-0.048364263027906	-0.249271646142006	-0.065180920064449	0.390380114316940	1	-1.016485095024109	0.029518164694309	0.955509305000305	-1.408255219459534	1.038105964660645	-0.088502712547779	-1.526285648345947	-2.630366802215576	-0.216667160391808	0.082258850336075	-0.023981183767319	-0.020085606724024	0.017840914428234	-0.043685749173164
0.106768123805523	-0.015739440917969	0.383293151855469	-0.092602044343948	-0.118318945169449	-0.002313217148185	0.615339517593384	1	-1.036917924880981	0.088502712547779	0.889086663722992	-1.398377418518066	1.130956292152405	-0.264112383127213	-1.020891904830933	-5.072140693664551	-0.269371598958969	0.073980838060379	-0.005787906236947	-0.032351158559322	0.014582812786102	0.050224252045155
0.170642659068108	0.060304641723633	0.709415435791016	-0.085065640509129	-0.199831977486610	-0.084347352385521	0.721851408481598	1	-1.056900024414062	0.147331997752190	0.819118201732635	-1.378690838813782	1.211312770843506	-0.435556858778000	-4.725600719451904	2.841856479644775	-0.648051679134369	0.117133632302284	-0.129218161106110	0.027766076847911	0.009444416500628	-0.103861279785633
0.076023615896702	-0.046497344970703	0.329057693481445	-0.073871254920959	-0.070446379482746	-0.064415909349918	0.481775850057602	1	-1.076422691345215	0.205902799963951	0.745879948139191	-1.349333882331848	1.278294920921326	-0.600132346153259	-4.574852466583252	-5.637346267700195	-0.808339774608612	0.057190608233213	-0.128614395856857	-0.069494314491749	-0.065853118896484	-0.109735392034054
0.152793228626251	0.082344055175781	0.477716445922852	-0.041463099420071	-0.157158374786377	-0.037424840033054	0.244212731719017	1	-1.095477223396301	0.264112383127213	0.669660925865173	-1.310512185096741	1.331168770790100	-0.755243360996246	-3.978577852249146	-7.922695636749268	-0.403442472219467	0.091533422470093	-0.109638348221779	0.059223450720310	-0.048153322190046	-0.133383557200432
0.131078451871872	0.008463859558105	0.485927581787109	-0.149921119213104	-0.106723345816135	-0.035423737019300	0.552149951457977	1	-1.114055514335632	0.321858644485474	0.590762019157410	-1.262498259544373	1.369355082511902	-0.898443758487701	-1.888692378997803	-6.848496437072754	-0.463076174259186	0.083724483847618	-0.041020140051842	-0.031419113278389	0.015264480374753	-0.034141682088375
0.180705994367599	0.098964691162109	0.692682266235352	-0.069019779562950	-0.185408934950829	-0.111055344343185	0.692454278469086	1	-1.132149219512939	0.379040241241455	0.509494483470917	-1.205628752708435	1.392435550689697	-1.027475237846375	-2.313836336135864	-1.127300858497620	0.238744825124741	0.111557386815548	-0.059096559882164	0.089254297316074	0.010107778012753	-0.130022615194321
0.119460582733154	-0.022256851196289	0.289773941040039	-0.061251644045115	-0.150434151291847	-0.031094782054424	0.636545121669769	1	-1.149750351905823	0.435556858778000	0.426179200410843	-1.140302658081055	1.400157213211060	-1.140302658081055	0.897496819496155	2.054633617401123	0.415996134281158	0.062245842069387	0.043698295950890	-0.026586221531034	0.018576540052891	0.076608568429947
0.174517482519150	0.130420684814453	0.667146682739258	-0.087274320423603	-0.174909591674805	-0.039540238678455	0.666373908519745	1	-1.166851401329041	0.491309374570847	0.341144859790802	-1.066978216171265	1.392435550689697	-1.235146880149841	0.047094862908125	2.813424110412598	0.300103366374969	0.119068913161755	0.021278807893395	0.113402068614960	0.069978609681129	0.052857995033264
0.096466600894928	0.054828643798828	0.275300979614258	-0.028446905314922	-0.107993960380554	-0.026758987456560	0.518266856670380	1	-1.183444738388062	0.546199977397919	0.254727095365524	-0.986169636249542	1.369355082511902	-1.310512185096741	0.214704319834709	-0.344124734401703	0.271996319293976	0.062906101346016	0.023619193583727	-0.003047199919820	-0.014411750249565	0.054637216031551
0.109756097197533	0.091136932373047	0.627677917480469	-0.087174147367477	-0.129460006952286	-0.079826653003693	0.422101676464081	1	-1.199523091316223	0.600132346153259	0.167266964912415	-0.898443758487701	1.331168770790100	-1.365209817886353	-0.168712243437767	-1.134713053703308	0.644497036933899	0.113226562738419	0.000600210798439	0.125472158193588	-0.010898865759373	-0.015120957046747
0.139273256063461	0.069045066833496	0.381498336791992	-0.022726301103830	-0.169935703277588	-0.117355398833752	0.460007965564728	1	-1.215079426765442	0.653011858463287	0.079109616577625	-0.804416000843048	1.278294920921326	-1.398377418518066	-0.969667077064514	-4.509856700897217	0.267181843519211	0.067975372076035	-0.022727003321052	0.005856190342456	-0.041160408407450	-0.048332184553146
0.157679364085197	0.052367210388184	0.588998794555664	-0.186908051371574	-0.157187208533287	-0.045136634260416	0.421567231416702	1	-1.230106830596924	0.704745829105377	-0.009397028945386	-0.704745829105377	1.211312770843506	-1.409491658210754	0.146498799324036	-4.982526779174805	0.389628916978836	0.097431801259518	0.012731239199638	0.098443925380707	-0.006285935640335	-0.085383534431458
0.125358402729034	0.037884712219238	0.371732711791992	-0.045967299491167	-0.127521187067032	-0.055008906871080	0.437928378582001	0	-1.244598865509033	0.755243360996246	-0.097903676331043	-0.600132346153259	1.130956292152405	-1.398377418518066	-0.469570904970169	0.279566556215286	0.077631816267967	0.067328989505768	-0.001271895598620	-0.025476453825831	0.000702674151398	-0.038773212581873
0.153441354632378	0.027257919311523	0.599365234375000	-0.226851180195808	-0.128594890236855	-0.040343288332224	0.363779395818710	1	-1.258549094200134	0.804416000843048	-0.186061024665833	-0.491309374570847	1.038105964660645	-1.365209817886353	0.913773477077484	-2.761727333068848	0.269041627645493	0.089705489575863	0.030194699764252	0.091707549989223	0.008380902931094	-0.051538534462452
0.175809681415558	0.059164047241211	0.530824661254883	-0.059384096413851	-0.192011654376984	-0.085584282875061	0.735421895980835	1	-1.271951317787170	0.852177381515503	-0.273521155118942	-0.379040241241455	0.933778882026672	-1.310512185096741	-1.377353787422180	5.867810726165771	0.065003149211407	0.085823439061642	-0.033852159976959	0.009348658844829	-0.014931436628103	-0.055919833481312
0.090332359075546	-0.089215278625488	0.409826278686523	-0.289683163166046	-0.091400273144245	0.019602762535214	0.766335964202881	1	-1.284799933433533	0.898443758487701	-0.359938919544220	-0.264112383127213	0.819118201732635	-1.235146880149841	0.509785413742065	4.755500316619873	0.678333461284637	0.048195004463196	0.011991258710623	-0.073578156530857	-0.009412449784577	-0.013934844173491
0.117071002721786	0.098180770874023	0.642333984375000	-0.127442136406898	-0.185789510607719	-0.090108789503574	0.543637096881866	1	-1.297088980674744	0.943134009838104	-0.444973260164261	-0.147331997752190	0.695380091667175	-1.140302658081055	-0.059623282402754	8.436044692993164	0.568065106868744	0.102107040584087	-0.002328491769731	0.088199973106384	0.018440494313836	-0.057244110852480
0.075491242110729	-0.053470611572266	0.462522506713867	-0.224320709705353	-0.114563792943954	-0.062726207077503	0.607094645500183	1	-1.308813214302063	0.986169636249542	-0.528288543224335	-0.029518164694309	0.563920319080353	-1.027475237846375	0.987146556377411	2.988295555114746	0.347018420696259	0.075708582997322	0.042073860764503	-0.029552267864347	0.027927514165640	0.058916371315718
0.155659556388855	0.105895996093750	0.596368789672852	-0.104573749005795	-0.178010269999504	-0.147348642349243	0.730498969554901	1	-1.319967508316040	1.027475237846375	-0.609556078910828	0.088502712547779	0.426179200410843	-0.898443758487701	1.037286996841431	13.115873336791992	0.387574136257172	0.106742076575756	0.040309179574251	0.056352578103542	0.101479753851891	0.067487344145775
0.099305644631386	-0.027178764343262	0.237648010253906	-0.150575429201126	-0.096045076847076	-0.066358327865601	0.790695130825043	1	-1.330546855926514	1.066978216171265	-0.688454985618591	0.205902799963951	0.283665776252747	-0.755243360996246	0.830518603324890	8.341826438903809	-0.345353603363037	0.050697959959507	0.033287655562162	-0.060739099979401	0.048606846481562	0.059881940484047
0.137267887592316	0.135560035705566	0.730779647827148	-0.118806272745132	-0.149098157882690	-0.092532306909561	0.447229206562042	1	-1.340546727180481	1.104609370231628	-0.764674007892609	0.321858644485474	0.137941509485245	-0.600132346153259	-1.133757472038269	16.534645080566406	-0.416401088237762	0.129201665520668	-0.025788897648454	0.093764394521713	0.116011761128902	0.034063331782818
0.097113244235516	0.053944587707520	0.496067047119141	-0.043829947710037	-0.126960217952728	-0.085658721625805	0.450991332530975	1	-1.349962830543518	1.140302658081055	-0.837912261486053	0.435556858778000	-0.009397028945386	-0.435556858778000	-3.552278995513916	11.256099700927734	-1.278330206871033	0.100645028054714	-0.092934593558311	-0.073324814438820	0.076974548399448	0.075161136686802
0.148479372262955	0.107756614685059	0.736320495605469	-0.103767395019531	-0.158380851149559	-0.115263171494007	0.326474308967590	1	-1.358790874481201	1.173995494842529	-0.907880723476410	0.546199977397919	-0.156735569238663	-0.264112383127213	-5.419918537139893	3.879695415496826	-1.876392126083374	0.127960905432701	-0.147335857152939	0.004781116731465	0.063569419085979	-0.032660454511642
0.118956997990608	0.014261245727539	0.655912399291992	-0.169220671057701	-0.137594655156136	-0.060499470680952	0.303830057382584	0	-1.367026925086975	1.205628752708435	-0.974303305149078	0.653011858463287	-0.302459836006165	-0.088502712547779	-4.483424663543701	-0.741882324218750	-2.225945234298706	0.114149957895279	-0.111219577491283	-0.070530563592911	0.076558575034142	0.038083054125309
0.124743908643723	0.078481674194336	0.807249069213867	-0.131682544946671	-0.130094230175018	-0.109982967376709	0.480229318141937	0	-1.374667525291443	1.235146880149841	-1.036917924880981	0.755243360996246	-0.444973260164261	0.088502712547779	-4.890990257263184	2.705127716064453	-1.557030797004700	0.134083449840546	-0.136802539229393	0.044367399066687	0.046238694339991	-0.038346849381924
0.070672228932381	-0.052490234375000	0.630746841430664	-0.185575813055038	-0.075739271938801	-0.082229927182198	0.438163697719574	0	-1.381709337234497	1.262498259544373	-1.095477223396301	0.852177381515503	-0.582714378833771	0.264112383127213	-2.558012723922729	4.187271595001221	-1.444212794303894	0.112372033298016	-0.061408426612616	-0.036106962710619	0.063709795475006	0.057704921811819
0.151035368442535	0.047529220581055	0.691610336303711	-0.087421022355556	-0.152195692062378	-0.133269682526588	0.354738950729370	0	-1.388149142265320	1.287634730339050	-1.149750351905823	0.943134009838104	-0.714174151420593	0.435556858778000	-3.630696296691895	3.198282003402710	-1.405441880226135	0.124991156160831	-0.098794408142567	0.001479607191868	0.038010060787201	-0.022899279370904
0.144382417201996	-0.018584251403809	0.558164596557617	-0.164677605032921	-0.143412217497826	-0.049110576510429	0.321483224630356	0	-1.393984198570251	1.310512185096741	-1.199523091316223	1.027475237846375	-0.837912261486053	0.600132346153259	-2.182850837707520	4.661206722259521	-1.234084844589233	0.105043768882751	-0.051658991724253	-0.028778119012713	0.038279131054878	0.012775823473930
0.160739541053772	0.051993370056152	0.692535400390625	-0.124787040054798	-0.156068682670593	-0.111358687281609	0.264657795429230	0	-1.399212002754211	1.331090569496155	-1.244598865509033	1.104609370231628	-0.952572941780090	0.755243360996246	-3.122151851654053	3.667505979537964	-0.830327451229095	0.119945943355560	-0.089935041964054	0.055318806320429	0.017535883933306	-0.048764981329441
0.131933540105820	-0.008931159973145	0.669004440307617	-0.215804934501648	-0.121423497796059	-0.063534379005432	0.395074844360352	0	-1.403830051422119	1.349333882331848	-1.284799933433533	1.173995494842529	-1.056900024414062	0.898443758487701	-1.060291409492493	0.962192296981812	-0.578189015388489	0.120158128440380	-0.015109858475626	0.063302278518677	0.037481777369976	0.037712618708611
0.152084261178970	0.070523262023926	0.630355834960938	-0.065065979957581	-0.152003407478333	-0.176510795950890	0.301027417182922	0	-1.407836556434631	1.365209817886353	-1.319967508316040	1.235146880149841	-1.149750351905823	1.027475237846375	-1.644478321075439	-3.104125976562500	-0.421740531921387	0.117017306387424	-0.043486207723618	0.077411264181137	0.014333284460008	-0.008675392717123
0.133653670549393	0.026201248168945	0.619163513183594	-0.207197830080986	-0.113645911216736	-0.096782766282558	0.419427543878555	0	-1.411229610443115	1.378690838813782	-1.349962830543518	1.287634730339050	-1.230106830596924	1.140302658081055	1.150328516960144	-4.951648712158203	-0.058013882488012	0.111565515398979	0.050790369510651	0.111238606274128	0.041973304003477	0.061075713485479
0.151511579751968	0.121636390686035	0.578382492065430	-0.031343065202236	-0.170126110315323	-0.168520480394363	0.448167502880096	0	-1.414007782936096	1.389753222465515	-1.374667525291443	1.331090569496155	-1.297088980674744	1.235146880149841	0.447997063398361	-0.091545633971691	0.213262513279915	0.107503637671471	0.018932856619358	0.069529272615910	0.041604533791542	0.082475595176220
0.133849292993546	0.079882621765137	0.727193832397461	-0.206827834248543	-0.137114360928535	-0.102065883576870	0.384584307670593	0	-1.416169881820679	1.398377418518066	-1.393984198570251	1.365209817886353	-1.349962830543518	1.310512185096741	1.164016485214233	3.253866434097290	0.436124026775360	0.120706066489220	0.044762596487999	0.141500368714333	0.067066721618176	0.109049402177334
0.112242817878723	0.054426193237305	0.553148269653320	-0.120930984616280	-0.173775672912598	-0.166837245225906	0.364437043666840	0	-1.417714834213257	1.404548406600952	-1.407836556434631	1.389753222465515	-1.388149142265320	1.365209817886353	-0.229651644825935	6.850838661193848	0.252348393201828	0.095539815723896	0.006594315636903	0.040986567735672	0.027167653664947	0.078662537038326
0.108227804303169	0.085640907287598	0.680292129516602	-0.229822993278503	-0.115814983844757	-0.102142266929150	0	0	-1.418642163276672	1.408255219459534	-1.416169881820679	1.404548406600952	-1.411229610443115	1.398377418518066	0.200872808694839	0.951232910156250	0.401102721691132	0.117827415466309	0.020287316292524	0.122199483215809	0.036119885742664	0.055746193975210
